/books/primary/childrens-titles/9780192746610-at-home-with-maths-7-9,childrens-titles,primary,,,,,9780192746610-at-home-with-maths-7-9
/books/primary/childrens-titles/9780192746603-at-home-with-maths-5-7,childrens-titles,primary,,,,,9780192746603-at-home-with-maths-5-7
/books/primary/childrens-titles/9780192746627-at-home-with-mental-maths-7-9,childrens-titles,primary,,,,,9780192746627-at-home-with-mental-maths-7-9
/books/primary/childrens-titles/9780198487876-oxford-very-first-atlas-hardback-2011,childrens-titles,primary,,,,,9780198487876-oxford-very-first-atlas-hardback-2011
/books/primary/childrens-titles/9780198487876-oxford-very-first-atlas-hardback-2011,childrens-titles,primary,,,,,9780198487876-oxford-very-first-atlas-hardback-2011
/books/primary/childrens-titles/9780198480181-oxford-primary-atlas-activity-book-2011,childrens-titles,primary,,,,,9780198480181-oxford-primary-atlas-activity-book-2011
/books/primary/literacy/9780195521801-oxford-literacy-assess-resubscription,literacy,primary,,,,,9780195521801-oxford-literacy-assess-resubscription
/books/primary/literacy/9780198460473-read-write-inc-a0-speed-sounds-poster,literacy,primary,,,,,9780198460473-read-write-inc-a0-speed-sounds-poster
/books/primary/literacy/9780195572551-yarning-strong-identity-anthology,literacy,primary,,,,,9780195572551-yarning-strong-identity-anthology
/books/primary/literacy/9780195573046-yarning-strong-crossroads-pack-of-6,literacy,primary,,,,,9780195573046-yarning-strong-crossroads-pack-of-6
/books/primary/literacy/9781408523889-nelson-grammar-pupil-book-1b-year-1-or-p2,literacy,primary,,,,,9781408523889-nelson-grammar-pupil-book-1b-year-1-or-p2
/books/primary/english/9780195565515-my-personal-learning-handbook,english,primary,,,,,9780195565515-my-personal-learning-handbook
/books/primary/english/9780195564860-my-personal-dictionary-for-victoria,english,primary,,,,,9780195564860-my-personal-dictionary-for-victoria
/books/primary/english/9780725309930-effective-pre-reading-student-book-2,english,primary,,,,,9780725309930-effective-pre-reading-student-book-2
/books/primary/english/9780725309923-effective-pre-reading-student-book-1,english,primary,,,,,9780725309923-effective-pre-reading-student-book-1
/books/primary/english/9780195564877-my-personal-dictionary-for-queensland,english,primary,,,,,9780195564877-my-personal-dictionary-for-queensland
/books/primary/language/9780198355748-glitterlings-activity-book-including-stickers,language,primary,,,,,9780198355748-glitterlings-activity-book-including-stickers
/books/primary/language/9780198355731-glitterlings-teacher-resource-book,language,primary,,,,,9780198355731-glitterlings-teacher-resource-book
/books/primary/language/9780198355755-glitterlings-big-book-1,language,primary,,,,,9780198355755-glitterlings-big-book-1
/books/primary/language/9780198355762-glitterlings-big-book-2,language,primary,,,,,9780198355762-glitterlings-big-book-2
/books/primary/language/9780198355779-glitterlings-big-book-3,language,primary,,,,,9780198355779-glitterlings-big-book-3
/books/higher-education/social-sciences-and-humanities/9780190216733-by-the-people,social-sciences-and-humanities,higher-education,,,,,9780190216733-by-the-people
/books/higher-education/social-sciences-and-humanities/9780190270193-the-ethics-of-sport,social-sciences-and-humanities,higher-education,,,,,9780190270193-the-ethics-of-sport
/books/higher-education/social-sciences-and-humanities/9780190455163-criminological-theories,social-sciences-and-humanities,higher-education,,,,,9780190455163-criminological-theories
/books/higher-education/social-sciences-and-humanities/9780199982677-speaking-rights-to-power,social-sciences-and-humanities,higher-education,,,,,9780199982677-speaking-rights-to-power
/books/higher-education/social-sciences-and-humanities/9780195582123-tikanga-whakaaro,social-sciences-and-humanities,higher-education,,,,,9780195582123-tikanga-whakaaro
"/books/higher-education/health,-nursing-and-social-work/9780190025021-understanding-health-4e-and-population-health,-communities-and-health-promotion","health,-nursing-and-social-work",higher-education,,,,,"9780190025021-understanding-health-4e-and-population-health,-communities-and-health-promotion"
"/books/higher-education/health,-nursing-and-social-work/9780195518559-qualitative-research-methods","health,-nursing-and-social-work",higher-education,,,,,9780195518559-qualitative-research-methods
"/books/higher-education/health,-nursing-and-social-work/9780190025076-second-opinion-5e-and-inclusive-practice-for-the-health-professionals-valuepack/books/secondary/science/9780748773817-thinking-science","health,-nursing-and-social-work",higher-education,,,,,9780190025076-second-opinion-5e-and-inclusive-practice-for-the-health-professionals-valuepack
/books/secondary/science/9780174387329-advanced-biology,science,secondary,,,,,9780174387329-advanced-biology
/books/secondary/english/9780195562392-improve-your-study-skills,english,secondary,,,,,9780195562392-improve-your-study-skills
/books/english-language-teaching/teacher-reference/9780194372145-language-and-culture,teacher-reference,english-language-teaching,,,,,9780194372145-language-and-culture
/books/english-language-teaching/examinations/9780194502863-proficiency-masterclass-students-book,examinations,english-language-teaching,,,,,9780194502863-proficiency-masterclass-students-book
/books/english-language-teaching/examinations/9780194705301-foundation-ielts-masterclass-students-book,examinations,english-language-teaching,,,,,9780194705301-foundation-ielts-masterclass-students-book
/books/english-language-teaching/examinations/9780194502832-cambridge-english-first-masterclass-students-book,examinations,english-language-teaching,,,,,9780194502832-cambridge-english-first-masterclass-students-book
/books/png/english/9780195541526-island-life,english,png,,,,,9780195541526-island-life
/books/png/english/9780195517675-magic-waterfall,english,png,,,,,9780195517675-magic-waterfall
/books/png/english/9780195541250-magic-on-mt-elimbari,english,png,,,,,9780195541250-magic-on-mt-elimbari
/books/png/english/9780195532555-views-from-interviews,english,png,,,,,9780195532555-views-from-interviews
