/titles/primary/english/english/9780195556018,english,primary
/titles/primary/english/english/9780195522365,english,primary
/titles/primary/english/english/9780195555479,english,primary
/titles/pn'mary/english/english/9780195556001,english,primary
/titles/primary/english/english/9780195556025,english,primary
/titles/primary/english/english/9780195558586,english,primary
/titles/primary/english/english/9780195558562,english,primary
/titles/primary/english/english/9780195569247,english,primary
/titles/primary/english/english/9780195564808,english,primary
/titles/academic/religion/religion/9780195694208 ,religion,academic
/titles/academic/science/chemistry/9780199230914,chemistry,academic
/titles/academic/medicine/9780199679867,medicine,academic
/titles/academic/dictionaries_and_refetence/dictionaries_of_english/dictionaries/9780199601080,dictionaries,academic
/titles/academic/dictionaries_and_refetence/language_reference/grammar_usage_and_etymology/9780198767251,grammar,academic
/titles/academic/food_and_drink/9780195658682,food,academic
/titles/academic/history/history/9780198708490,history,academic
/titles/academic/history/military_histocy/9780195576801,military,academic
/titles/academic/law/criminal_law/9780198746348?_cldee=cmljaG93ZWxsc0B2aWNiYXluY29tLm,law,academic
/titles/academic/law/?nancial_and_company_law/9780199244522,law,academic
/titles/academic/law/legal_studiespolitics/9781854312594,law,academic
/titles/academic/media/media_studies/9780195374025,media,academic
/titles/academic/business__and__economics/economics/9780195169621,economics,academic
/titles/dictionaries/australian_dictionaries_and_thesauruses/secondary_school_ages_10-18/9780195527391,dictionaries,dictionaries
/titles/dictionaries/australian_dictionaries_and_thesauruses/primary_school_ages_5—10/9780195551877,dictionaries,dictionaries
/titles/dictionaries/australian_dictionaries_and_thesauruses/primary_school_ages_5-10/9780195551891,dictionaries,dictionaries
/titles/dictionaries/australian_dictionaries_and_thesauruses/primary_school_ages_5-10/9780195568851,dictionaries,dictionaries
/titles/dictionaries/australian_dictionaries_and_thesauruses/home._office_and_study_adult/9780195517965,dictionaries,dictionaries
/titles/dictionaries/australian_dictionaries_and_thesauruses/primary_school_ages_5-10/9780195551907,dictionaries,dictionaries
/titles/dictionaries/australian_dictionaries_and_thesauruses/primary_school_ages_5-10/9780195568844,dictionaries,dictionaries
/titles/dictionaries/australian_dictionaries_and_thesauruses/primary_school_ages_5-10/9780195577242,dictionaries,dictionaries
/titles/dictionaries/australian_dictionaries_and_thesauruses/secondary_school_ages_10-18/9780195527407,dictionaries,dictionaries
/titles/elt/9780194001786,elt,elt
/titles/elt/9780194597104,elt,elt
/titles/elt/readers/oxford_bookworm_fact?les/9780194233941,elt,elt
/titles/elt/readers/oxford_bookworm_library/9780194792561,elt,elt
/titles/elt/9780195576665,elt,elt
/titles/elt/readers/oxford_bookworm_library/9780194790871,elt,elt
/titles/elt/readers/oxford_bookworm_library/9780194791175,elt,elt
/titles/elt/readers/oxford_bookworm_fact?les/9780194233743,elt,elt
/titles/elt/9780194002011,elt,elt
/titles/elt/9780194771047,elt,elt
/titles/elt/9780195521009,elt,elt
/titles/elt/adult_courses/new_headway/9780194393010,elt,elt
/titles/elt/readers/oxford_bookworm_library/9780194790635,elt,elt
/titles/elt/readers/oxford_bookworm_library/9780194790703,elt,elt
/titles/elt/readers/oxford_bookworm_library/9780194792240,elt,elt
/titles/elt/readers/oxford_bookworm_library/9780194792257,elt,elt
